[{"model": "contenttypes.contenttype", "pk": 49, "fields": {"app_label": "admin", "model": "logentry"}}, {"model": "contenttypes.contenttype", "pk": 50, "fields": {"app_label": "auth", "model": "permission"}}, {"model": "contenttypes.contenttype", "pk": 51, "fields": {"app_label": "auth", "model": "group"}}, {"model": "contenttypes.contenttype", "pk": 52, "fields": {"app_label": "auth", "model": "user"}}, {"model": "contenttypes.contenttype", "pk": 53, "fields": {"app_label": "contenttypes", "model": "contenttype"}}, {"model": "contenttypes.contenttype", "pk": 54, "fields": {"app_label": "sessions", "model": "session"}}, {"model": "contenttypes.contenttype", "pk": 55, "fields": {"app_label": "groups", "model": "group"}}, {"model": "contenttypes.contenttype", "pk": 56, "fields": {"app_label": "groups", "model": "groupmember"}}, {"model": "contenttypes.contenttype", "pk": 57, "fields": {"app_label": "accounts", "model": "user"}}, {"model": "contenttypes.contenttype", "pk": 58, "fields": {"app_label": "company", "model": "company"}}, {"model": "contenttypes.contenttype", "pk": 59, "fields": {"app_label": "project", "model": "project"}}, {"model": "contenttypes.contenttype", "pk": 60, "fields": {"app_label": "project", "model": "projectbacklog"}}, {"model": "contenttypes.contenttype", "pk": 61, "fields": {"app_label": "project", "model": "projectbacklogsettings"}}, {"model": "contenttypes.contenttype", "pk": 62, "fields": {"app_label": "project", "model": "taskstages"}}, {"model": "contenttypes.contenttype", "pk": 63, "fields": {"app_label": "project", "model": "projeckbacklogstages"}}, {"model": "contenttypes.contenttype", "pk": 64, "fields": {"app_label": "task", "model": "task"}}, {"model": "contenttypes.contenttype", "pk": 65, "fields": {"app_label": "task", "model": "taskproperty"}}, {"model": "contenttypes.contenttype", "pk": 66, "fields": {"app_label": "sprint", "model": "sprint"}}, {"model": "contenttypes.contenttype", "pk": 67, "fields": {"app_label": "log", "model": "log"}}, {"model": "contenttypes.contenttype", "pk": 68, "fields": {"app_label": "todo", "model": "todo"}}, {"model": "contenttypes.contenttype", "pk": 69, "fields": {"app_label": "todo", "model": "todolog"}}, {"model": "contenttypes.contenttype", "pk": 70, "fields": {"app_label": "covey", "model": "coveymatrix"}}, {"model": "contenttypes.contenttype", "pk": 71, "fields": {"app_label": "meeting", "model": "meetingtype"}}, {"model": "contenttypes.contenttype", "pk": 72, "fields": {"app_label": "meeting", "model": "meeting"}}, {"model": "sessions.session", "pk": "d46iqqga2ke56tmxxkoag1ni1avkoks5", "fields": {"session_data": "NzgyYzQ1M2I1YjdmNmM4NjM2OGQ1OGVkOWI1MzA2OTBjMjFmYzkxYzp7Il9hdXRoX3VzZXJfYmFja2VuZCI6ImRqYW5nby5jb250cmliLmF1dGguYmFja2VuZHMuTW9kZWxCYWNrZW5kIiwiX2F1dGhfdXNlcl9pZCI6IjIwNjAiLCJfYXV0aF91c2VyX2hhc2giOiI3YThmMDliM2JjYTAwZmNhZWUwYWI4NzAxNDUzNDM2MjgyYWZkOTEwIn0=", "expire_date": "2017-12-12T08:41:35.740Z"}}, {"model": "sessions.session", "pk": "t69xgt98dazta7exhr327ets1xpog3u4", "fields": {"session_data": "ODQzOTI4ZmIzMmVmMDBiZmJiMGRjYTk3NDMyZWMxMzE1MWRjYWZmZjp7Il9hdXRoX3VzZXJfaWQiOiIyMDYwIiwiX2F1dGhfdXNlcl9iYWNrZW5kIjoiZGphbmdvLmNvbnRyaWIuYXV0aC5iYWNrZW5kcy5Nb2RlbEJhY2tlbmQiLCJfYXV0aF91c2VyX2hhc2giOiI3YThmMDliM2JjYTAwZmNhZWUwYWI4NzAxNDUzNDM2MjgyYWZkOTEwIn0=", "expire_date": "2017-12-11T16:14:32.322Z"}}, {"model": "sessions.session", "pk": "zmhx2oyffywfe5n9u4b6dscr59f08c6c", "fields": {"session_data": "ODQzOTI4ZmIzMmVmMDBiZmJiMGRjYTk3NDMyZWMxMzE1MWRjYWZmZjp7Il9hdXRoX3VzZXJfaWQiOiIyMDYwIiwiX2F1dGhfdXNlcl9iYWNrZW5kIjoiZGphbmdvLmNvbnRyaWIuYXV0aC5iYWNrZW5kcy5Nb2RlbEJhY2tlbmQiLCJfYXV0aF91c2VyX2hhc2giOiI3YThmMDliM2JjYTAwZmNhZWUwYWI4NzAxNDUzNDM2MjgyYWZkOTEwIn0=", "expire_date": "2017-12-19T12:13:44.097Z"}}, {"model": "groups.group", "pk": 21, "fields": {"name": "Yizhak Or", "slug": "yizhak-or", "description": "", "description_html": "", "company": 14}}, {"model": "groups.group", "pk": 22, "fields": {"name": "Architects", "slug": "architects", "description": "", "description_html": "", "company": 14}}, {"model": "groups.group", "pk": 23, "fields": {"name": "Designer", "slug": "designer", "description": "", "description_html": "", "company": 14}}, {"model": "groups.group", "pk": 24, "fields": {"name": "Software Programmers", "slug": "software-programmers", "description": "", "description_html": "", "company": 14}}, {"model": "groups.group", "pk": 25, "fields": {"name": "QA", "slug": "qa", "description": "", "description_html": "", "company": 14}}, {"model": "groups.group", "pk": 26, "fields": {"name": "Test", "slug": "test", "description": "", "description_html": "", "company": 15}}, {"model": "company.company", "pk": 14, "fields": {"name": "Yizhak Or"}}, {"model": "company.company", "pk": 15, "fields": {"name": "Test"}}, {"model": "project.project", "pk": 4, "fields": {"company": 14, "name": "Lite Scrum", "description": "This is the final project in Software ENGINEERING [CS 22916] course.\r\nIt will demonstrate some of the scrum needed tools", "update": "2017-11-28T09:55:43.140Z", "timestamp": "2017-11-28T09:55:43.140Z"}}, {"model": "project.projectbacklogsettings", "pk": 3, "fields": {"project_backlog": 3, "sprint_length": 4, "sprint_template": "liteScrum_"}}, {"model": "project.taskstages", "pk": 6, "fields": {"stage": 1, "stage_name": "Not started"}}, {"model": "project.taskstages", "pk": 7, "fields": {"stage": 2, "stage_name": "Learn/plan"}}, {"model": "project.taskstages", "pk": 8, "fields": {"stage": 3, "stage_name": "develop"}}, {"model": "project.taskstages", "pk": 9, "fields": {"stage": 4, "stage_name": "review"}}, {"model": "project.taskstages", "pk": 10, "fields": {"stage": 5, "stage_name": "DONE"}}, {"model": "task.task", "pk": 4, "fields": {"projectBacklog": 3, "name": "Determine the objectives of the project", "description": "what do we want to accomplish?\r\nplease create a goal reports", "priority": 7, "task_type": 5, "is_sub_task": false, "parent_task": null, "link_task": null, "team": 22, "presentage_complete": 100, "task_completed": true, "estimated_time": 16, "acutal_time": 19}}, {"model": "task.task", "pk": 5, "fields": {"projectBacklog": 3, "name": "Design class diagram", "description": "create the main class that we need for the projects", "priority": 5, "task_type": 5, "is_sub_task": false, "parent_task": null, "link_task": null, "team": 23, "presentage_complete": 0, "task_completed": false, "estimated_time": 24, "acutal_time": null}}, {"model": "task.task", "pk": 6, "fields": {"projectBacklog": 3, "name": "list of  technologies that can support the project", "description": "Conducting a survey of technologies that can support the project", "priority": 6, "task_type": 7, "is_sub_task": false, "parent_task": null, "link_task": null, "team": 22, "presentage_complete": 0, "task_completed": false, "estimated_time": 24, "acutal_time": null}}, {"model": "task.task", "pk": 7, "fields": {"projectBacklog": 3, "name": "create test scenario", "description": "We need to think how to test our product", "priority": 3, "task_type": 8, "is_sub_task": false, "parent_task": null, "link_task": null, "team": 25, "presentage_complete": 0, "task_completed": false, "estimated_time": 16, "acutal_time": null}}, {"model": "task.task", "pk": 8, "fields": {"projectBacklog": 3, "name": "check for hosting vendores", "description": "", "priority": 5, "task_type": 6, "is_sub_task": false, "parent_task": null, "link_task": null, "team": 22, "presentage_complete": 0, "task_completed": false, "estimated_time": 8, "acutal_time": null}}, {"model": "task.task", "pk": 9, "fields": {"projectBacklog": 3, "name": "Lern the basics of DJANGO MVC", "description": "", "priority": 4, "task_type": 6, "is_sub_task": false, "parent_task": null, "link_task": null, "team": 24, "presentage_complete": 0, "task_completed": false, "estimated_time": 32, "acutal_time": null}}, {"model": "task.task", "pk": 10, "fields": {"projectBacklog": 3, "name": "code the classes", "description": "", "priority": 7, "task_type": 6, "is_sub_task": false, "parent_task": null, "link_task": null, "team": 24, "presentage_complete": 0, "task_completed": false, "estimated_time": 112, "acutal_time": null}}, {"model": "task.task", "pk": 11, "fields": {"projectBacklog": 3, "name": "Design the web pages", "description": "", "priority": 6, "task_type": 5, "is_sub_task": false, "parent_task": null, "link_task": null, "team": 24, "presentage_complete": 100, "task_completed": true, "estimated_time": 112, "acutal_time": 8}}, {"model": "task.task", "pk": 12, "fields": {"projectBacklog": 3, "name": "Create Tests", "description": "", "priority": 4, "task_type": 7, "is_sub_task": false, "parent_task": null, "link_task": null, "team": 25, "presentage_complete": 0, "task_completed": false, "estimated_time": 112, "acutal_time": null}}, {"model": "sprint.sprint", "pk": 12, "fields": {"name": "liteScrum_1", "start_date": "2017-11-28", "end_date": "2017-12-02", "project_backlog": 3}}, {"model": "sprint.sprint", "pk": 13, "fields": {"name": "liteScrum_2", "start_date": "2017-12-03", "end_date": "2017-12-07", "project_backlog": 3}}, {"model": "sprint.sprint", "pk": 14, "fields": {"name": "liteScrum_3", "start_date": "2017-12-08", "end_date": "2017-12-12", "project_backlog": 3}}, {"model": "sprint.sprint", "pk": 15, "fields": {"name": "liteScrum_4", "start_date": "2017-12-13", "end_date": "2017-12-17", "project_backlog": 3}}, {"model": "sprint.sprint", "pk": 16, "fields": {"name": "liteScrum_5", "start_date": "2017-12-18", "end_date": "2017-12-22", "project_backlog": 3}}, {"model": "sprint.sprint", "pk": 17, "fields": {"name": "liteScrum_6", "start_date": "2017-12-23", "end_date": "2017-12-27", "project_backlog": 3}}, {"model": "sprint.sprint", "pk": 18, "fields": {"name": "liteScrum_7", "start_date": "2017-12-28", "end_date": "2018-01-01", "project_backlog": 3}}, {"model": "log.log", "pk": 1, "fields": {"task": 3, "log": "Stage changed to develop", "presentage_complete": 0, "time_spent": 0, "update": "2017-11-28T14:48:28.229Z", "timestamp": "2017-11-28T14:48:28.229Z"}}, {"model": "log.log", "pk": 2, "fields": {"task": 3, "log": "Stage changed to review", "presentage_complete": 0, "time_spent": 0, "update": "2017-11-28T14:48:42.688Z", "timestamp": "2017-11-28T14:48:42.688Z"}}, {"model": "log.log", "pk": 3, "fields": {"task": 3, "log": "start making a list of objectives", "presentage_complete": 50, "time_spent": 3, "update": "2017-11-28T15:47:04.020Z", "timestamp": "2017-11-28T15:47:04.020Z"}}, {"model": "log.log", "pk": 4, "fields": {"task": 3, "log": "found 4 diffrent asstertegis", "presentage_complete": 50, "time_spent": 16, "update": "2017-11-28T16:17:35.700Z", "timestamp": "2017-11-28T16:17:35.700Z"}}, {"model": "log.log", "pk": 5, "fields": {"task": 3, "log": "all objects are documented", "presentage_complete": 100, "time_spent": 0, "update": "2017-11-28T16:34:29.817Z", "timestamp": "2017-11-28T16:34:29.817Z"}}, {"model": "log.log", "pk": 6, "fields": {"task": 4, "log": "finished design the tasks", "presentage_complete": 100, "time_spent": 8, "update": "2017-11-28T16:47:44.232Z", "timestamp": "2017-11-28T16:47:44.233Z"}}, {"model": "covey.coveymatrix", "pk": 5, "fields": {"name": "important , urgent"}}, {"model": "covey.coveymatrix", "pk": 6, "fields": {"name": "important , not urgent"}}, {"model": "covey.coveymatrix", "pk": 7, "fields": {"name": "not important , urgent"}}, {"model": "covey.coveymatrix", "pk": 8, "fields": {"name": "not important , not urgent"}}, {"model": "meeting.meetingtype", "pk": 5, "fields": {"name": "Daily"}}, {"model": "meeting.meetingtype", "pk": 6, "fields": {"name": "Weekly"}}, {"model": "meeting.meetingtype", "pk": 7, "fields": {"name": "Sprint Planning"}}, {"model": "meeting.meetingtype", "pk": 8, "fields": {"name": "Sprint Review Meeting"}}, {"model": "meeting.meeting", "pk": 1, "fields": {"team": 25, "type": 5, "date": "2017-11-29", "log": "Task 'create test scenario' assign to @user:\r\n*   What have you completed the last meeting?\r\nthis is the first meeting \r\n*   What do you plan to complete the next meeting?\r\nstart working on\r\n*   What is getting in your way?\r\nI need to seat with the design for first goals", "tasks_meta": "create test scenario\n", "update": "2017-11-29T21:02:52.147Z", "timestamp": "2017-11-29T21:02:52.147Z"}}, {"model": "auth.permission", "pk": 145, "fields": {"name": "Can add log entry", "content_type": 49, "codename": "add_logentry"}}, {"model": "auth.permission", "pk": 146, "fields": {"name": "Can change log entry", "content_type": 49, "codename": "change_logentry"}}, {"model": "auth.permission", "pk": 147, "fields": {"name": "Can delete log entry", "content_type": 49, "codename": "delete_logentry"}}, {"model": "auth.permission", "pk": 148, "fields": {"name": "Can add permission", "content_type": 50, "codename": "add_permission"}}, {"model": "auth.permission", "pk": 149, "fields": {"name": "Can change permission", "content_type": 50, "codename": "change_permission"}}, {"model": "auth.permission", "pk": 150, "fields": {"name": "Can delete permission", "content_type": 50, "codename": "delete_permission"}}, {"model": "auth.permission", "pk": 151, "fields": {"name": "Can add group", "content_type": 51, "codename": "add_group"}}, {"model": "auth.permission", "pk": 152, "fields": {"name": "Can change group", "content_type": 51, "codename": "change_group"}}, {"model": "auth.permission", "pk": 153, "fields": {"name": "Can delete group", "content_type": 51, "codename": "delete_group"}}, {"model": "auth.permission", "pk": 154, "fields": {"name": "Can add user", "content_type": 52, "codename": "add_user"}}, {"model": "auth.permission", "pk": 155, "fields": {"name": "Can change user", "content_type": 52, "codename": "change_user"}}, {"model": "auth.permission", "pk": 156, "fields": {"name": "Can delete user", "content_type": 52, "codename": "delete_user"}}, {"model": "auth.permission", "pk": 157, "fields": {"name": "Can add content type", "content_type": 53, "codename": "add_contenttype"}}, {"model": "auth.permission", "pk": 158, "fields": {"name": "Can change content type", "content_type": 53, "codename": "change_contenttype"}}, {"model": "auth.permission", "pk": 159, "fields": {"name": "Can delete content type", "content_type": 53, "codename": "delete_contenttype"}}, {"model": "auth.permission", "pk": 160, "fields": {"name": "Can add session", "content_type": 54, "codename": "add_session"}}, {"model": "auth.permission", "pk": 161, "fields": {"name": "Can change session", "content_type": 54, "codename": "change_session"}}, {"model": "auth.permission", "pk": 162, "fields": {"name": "Can delete session", "content_type": 54, "codename": "delete_session"}}, {"model": "auth.permission", "pk": 163, "fields": {"name": "Can add group", "content_type": 55, "codename": "add_group"}}, {"model": "auth.permission", "pk": 164, "fields": {"name": "Can change group", "content_type": 55, "codename": "change_group"}}, {"model": "auth.permission", "pk": 165, "fields": {"name": "Can delete group", "content_type": 55, "codename": "delete_group"}}, {"model": "auth.permission", "pk": 166, "fields": {"name": "Can add group member", "content_type": 56, "codename": "add_groupmember"}}, {"model": "auth.permission", "pk": 167, "fields": {"name": "Can change group member", "content_type": 56, "codename": "change_groupmember"}}, {"model": "auth.permission", "pk": 168, "fields": {"name": "Can delete group member", "content_type": 56, "codename": "delete_groupmember"}}, {"model": "auth.permission", "pk": 169, "fields": {"name": "Can add user", "content_type": 57, "codename": "add_user"}}, {"model": "auth.permission", "pk": 170, "fields": {"name": "Can change user", "content_type": 57, "codename": "change_user"}}, {"model": "auth.permission", "pk": 171, "fields": {"name": "Can delete user", "content_type": 57, "codename": "delete_user"}}, {"model": "auth.permission", "pk": 172, "fields": {"name": "Can add company", "content_type": 58, "codename": "add_company"}}, {"model": "auth.permission", "pk": 173, "fields": {"name": "Can change company", "content_type": 58, "codename": "change_company"}}, {"model": "auth.permission", "pk": 174, "fields": {"name": "Can delete company", "content_type": 58, "codename": "delete_company"}}, {"model": "auth.permission", "pk": 175, "fields": {"name": "Can add project", "content_type": 59, "codename": "add_project"}}, {"model": "auth.permission", "pk": 176, "fields": {"name": "Can change project", "content_type": 59, "codename": "change_project"}}, {"model": "auth.permission", "pk": 177, "fields": {"name": "Can delete project", "content_type": 59, "codename": "delete_project"}}, {"model": "auth.permission", "pk": 178, "fields": {"name": "Can add project backlog", "content_type": 60, "codename": "add_projectbacklog"}}, {"model": "auth.permission", "pk": 179, "fields": {"name": "Can change project backlog", "content_type": 60, "codename": "change_projectbacklog"}}, {"model": "auth.permission", "pk": 180, "fields": {"name": "Can delete project backlog", "content_type": 60, "codename": "delete_projectbacklog"}}, {"model": "auth.permission", "pk": 181, "fields": {"name": "Can add project backlog settings", "content_type": 61, "codename": "add_projectbacklogsettings"}}, {"model": "auth.permission", "pk": 182, "fields": {"name": "Can change project backlog settings", "content_type": 61, "codename": "change_projectbacklogsettings"}}, {"model": "auth.permission", "pk": 183, "fields": {"name": "Can delete project backlog settings", "content_type": 61, "codename": "delete_projectbacklogsettings"}}, {"model": "auth.permission", "pk": 184, "fields": {"name": "Can add task stages", "content_type": 62, "codename": "add_taskstages"}}, {"model": "auth.permission", "pk": 185, "fields": {"name": "Can change task stages", "content_type": 62, "codename": "change_taskstages"}}, {"model": "auth.permission", "pk": 186, "fields": {"name": "Can delete task stages", "content_type": 62, "codename": "delete_taskstages"}}, {"model": "auth.permission", "pk": 187, "fields": {"name": "Can add projeck backlog stages", "content_type": 63, "codename": "add_projeckbacklogstages"}}, {"model": "auth.permission", "pk": 188, "fields": {"name": "Can change projeck backlog stages", "content_type": 63, "codename": "change_projeckbacklogstages"}}, {"model": "auth.permission", "pk": 189, "fields": {"name": "Can delete projeck backlog stages", "content_type": 63, "codename": "delete_projeckbacklogstages"}}, {"model": "auth.permission", "pk": 190, "fields": {"name": "Can add task", "content_type": 64, "codename": "add_task"}}, {"model": "auth.permission", "pk": 191, "fields": {"name": "Can change task", "content_type": 64, "codename": "change_task"}}, {"model": "auth.permission", "pk": 192, "fields": {"name": "Can delete task", "content_type": 64, "codename": "delete_task"}}, {"model": "auth.permission", "pk": 193, "fields": {"name": "Can add task property", "content_type": 65, "codename": "add_taskproperty"}}, {"model": "auth.permission", "pk": 194, "fields": {"name": "Can change task property", "content_type": 65, "codename": "change_taskproperty"}}, {"model": "auth.permission", "pk": 195, "fields": {"name": "Can delete task property", "content_type": 65, "codename": "delete_taskproperty"}}, {"model": "auth.permission", "pk": 196, "fields": {"name": "Can add sprint", "content_type": 66, "codename": "add_sprint"}}, {"model": "auth.permission", "pk": 197, "fields": {"name": "Can change sprint", "content_type": 66, "codename": "change_sprint"}}, {"model": "auth.permission", "pk": 198, "fields": {"name": "Can delete sprint", "content_type": 66, "codename": "delete_sprint"}}, {"model": "auth.permission", "pk": 199, "fields": {"name": "Can add log", "content_type": 67, "codename": "add_log"}}, {"model": "auth.permission", "pk": 200, "fields": {"name": "Can change log", "content_type": 67, "codename": "change_log"}}, {"model": "auth.permission", "pk": 201, "fields": {"name": "Can delete log", "content_type": 67, "codename": "delete_log"}}, {"model": "auth.permission", "pk": 202, "fields": {"name": "Can add todo", "content_type": 68, "codename": "add_todo"}}, {"model": "auth.permission", "pk": 203, "fields": {"name": "Can change todo", "content_type": 68, "codename": "change_todo"}}, {"model": "auth.permission", "pk": 204, "fields": {"name": "Can delete todo", "content_type": 68, "codename": "delete_todo"}}, {"model": "auth.permission", "pk": 205, "fields": {"name": "Can add todo log", "content_type": 69, "codename": "add_todolog"}}, {"model": "auth.permission", "pk": 206, "fields": {"name": "Can change todo log", "content_type": 69, "codename": "change_todolog"}}, {"model": "auth.permission", "pk": 207, "fields": {"name": "Can delete todo log", "content_type": 69, "codename": "delete_todolog"}}, {"model": "auth.permission", "pk": 208, "fields": {"name": "Can add covey matrix", "content_type": 70, "codename": "add_coveymatrix"}}, {"model": "auth.permission", "pk": 209, "fields": {"name": "Can change covey matrix", "content_type": 70, "codename": "change_coveymatrix"}}, {"model": "auth.permission", "pk": 210, "fields": {"name": "Can delete covey matrix", "content_type": 70, "codename": "delete_coveymatrix"}}, {"model": "auth.permission", "pk": 211, "fields": {"name": "Can add meeting type", "content_type": 71, "codename": "add_meetingtype"}}, {"model": "auth.permission", "pk": 212, "fields": {"name": "Can change meeting type", "content_type": 71, "codename": "change_meetingtype"}}, {"model": "auth.permission", "pk": 213, "fields": {"name": "Can delete meeting type", "content_type": 71, "codename": "delete_meetingtype"}}, {"model": "auth.permission", "pk": 214, "fields": {"name": "Can add meeting", "content_type": 72, "codename": "add_meeting"}}, {"model": "auth.permission", "pk": 215, "fields": {"name": "Can change meeting", "content_type": 72, "codename": "change_meeting"}}, {"model": "auth.permission", "pk": 216, "fields": {"name": "Can delete meeting", "content_type": 72, "codename": "delete_meeting"}}, {"model": "auth.user", "pk": 2060, "fields": {"password": "pbkdf2_sha256$36000$j9Qm3kxYUtRt$NF3HkWUy9cKi1rRZ4IkcLyOc3RBdREaAOiaEx6rPHHE=", "last_login": "2017-12-05T12:13:44.082Z", "is_superuser": true, "username": "user", "first_name": "", "last_name": "", "email": "", "is_staff": true, "is_active": true, "date_joined": "2017-11-27T16:13:20.472Z", "groups": [], "user_permissions": []}}, {"model": "auth.user", "pk": 2061, "fields": {"password": "pbkdf2_sha256$36000$4zNZBgXPALmt$cQ15SJFeJ0LDt6a8r+dOln7/TNilfGUdxWu+OOBIFtc=", "last_login": null, "is_superuser": false, "username": "Jose_Murillo", "first_name": "", "last_name": "", "email": "simpsondana@smith-bass.net", "is_staff": false, "is_active": true, "date_joined": "2017-11-27T16:14:06.657Z", "groups": [], "user_permissions": []}}, {"model": "auth.user", "pk": 2062, "fields": {"password": "pbkdf2_sha256$36000$H8EvOUDw1VgQ$CnhRxvAYFkDlkZ+ZPIoXkgWNbtx1s6ZszPMtwQ6qenk=", "last_login": null, "is_superuser": false, "username": "Louis_Hunter", "first_name": "", "last_name": "", "email": "nbernard@hotmail.com", "is_staff": false, "is_active": true, "date_joined": "2017-11-27T16:14:06.749Z", "groups": [], "user_permissions": []}}, {"model": "auth.user", "pk": 2063, "fields": {"password": "pbkdf2_sha256$36000$KGbVdv6Yf0a0$KMTw1zN4vHzA8tUcUp4YpUXaYSSAypOVmUzVzMuf90w=", "last_login": null, "is_superuser": false, "username": "Kathy_Mcintyre", "first_name": "", "last_name": "", "email": "pmiller@gmail.com", "is_staff": false, "is_active": true, "date_joined": "2017-11-27T16:14:06.837Z", "groups": [], "user_permissions": []}}, {"model": "auth.user", "pk": 2064, "fields": {"password": "pbkdf2_sha256$36000$L9d5KqMb7fs4$FW2JkunZW2gxEzxB+IOjK1IB/cdBfIYRSbfXxxeJDmY=", "last_login": null, "is_superuser": false, "username": "Ashley_Chen", "first_name": "", "last_name": "", "email": "hillmaria@gibson.com", "is_staff": false, "is_active": true, "date_joined": "2017-11-27T16:14:06.930Z", "groups": [], "user_permissions": []}}, {"model": "auth.user", "pk": 2065, "fields": {"password": "pbkdf2_sha256$36000$oKzTH9V19cjk$RCTFhq41d1qgs32jCOoycl2E+wTkZCo09BO/7WWSF38=", "last_login": null, "is_superuser": false, "username": "Alexander_Smith", "first_name": "", "last_name": "", "email": "sotoashley@hotmail.com", "is_staff": false, "is_active": true, "date_joined": "2017-11-27T16:14:07.011Z", "groups": [], "user_permissions": []}}, {"model": "auth.user", "pk": 2066, "fields": {"password": "pbkdf2_sha256$36000$3wNPfGSxT3yJ$AlJVKblEps92bsJqBVJR5AVy5Z7bgq+VrdW1qz1jz9E=", "last_login": null, "is_superuser": false, "username": "Christina_Green", "first_name": "", "last_name": "", "email": "diana19@yahoo.com", "is_staff": false, "is_active": true, "date_joined": "2017-11-27T16:14:07.096Z", "groups": [], "user_permissions": []}}, {"model": "auth.user", "pk": 2067, "fields": {"password": "pbkdf2_sha256$36000$WHiAfbgwaH3i$YGYP1WUnEZl8dLD6GrEFh70n55gSg4JC14akpdAePRE=", "last_login": null, "is_superuser": false, "username": "Angela_Lee", "first_name": "", "last_name": "", "email": "travis02@hotmail.com", "is_staff": false, "is_active": true, "date_joined": "2017-11-27T16:14:07.181Z", "groups": [], "user_permissions": []}}, {"model": "auth.user", "pk": 2068, "fields": {"password": "pbkdf2_sha256$36000$nQU6BdaXkYn7$kIjUXdOHPcRjMf8fyAIbYCiOtR+V4NjsTD9Ad2MPfkk=", "last_login": null, "is_superuser": false, "username": "Dennis_Stewart", "first_name": "", "last_name": "", "email": "qmiller@briggs-pratt.com", "is_staff": false, "is_active": true, "date_joined": "2017-11-27T16:14:07.264Z", "groups": [], "user_permissions": []}}, {"model": "auth.user", "pk": 2069, "fields": {"password": "pbkdf2_sha256$36000$zTdchN1l1M7Q$ZjaFpz7Ed8hX42shOcdXFkPnlhThEyyAO6WIohTzbug=", "last_login": null, "is_superuser": false, "username": "Brian_Carson", "first_name": "", "last_name": "", "email": "teresadavid@gmail.com", "is_staff": false, "is_active": true, "date_joined": "2017-11-27T16:14:07.343Z", "groups": [], "user_permissions": []}}, {"model": "auth.user", "pk": 2070, "fields": {"password": "pbkdf2_sha256$36000$Zu8lkyyWn4t0$D5nvgsqNLJ9eQDj+zoBzYEC+qivhzdVdC7JWN+IMox0=", "last_login": null, "is_superuser": false, "username": "Michael_Mcintosh", "first_name": "", "last_name": "", "email": "angelmaxwell@hotmail.com", "is_staff": false, "is_active": true, "date_joined": "2017-11-27T16:14:07.429Z", "groups": [], "user_permissions": []}}, {"model": "auth.user", "pk": 2071, "fields": {"password": "pbkdf2_sha256$36000$0bbGbgjVDACR$y6hqhm1TYISWGMv4XN5Ezdh3uh+yFObp5lhWXnNedMg=", "last_login": null, "is_superuser": true, "username": "manger", "first_name": "", "last_name": "", "email": "", "is_staff": true, "is_active": true, "date_joined": "2017-11-28T08:37:51.226Z", "groups": [], "user_permissions": []}}, {"model": "groups.groupmember", "pk": 44, "fields": {"group": 21, "user": 2060}}, {"model": "groups.groupmember", "pk": 45, "fields": {"group": 22, "user": 2060}}, {"model": "groups.groupmember", "pk": 46, "fields": {"group": 21, "user": 2061}}, {"model": "groups.groupmember", "pk": 47, "fields": {"group": 22, "user": 2061}}, {"model": "groups.groupmember", "pk": 48, "fields": {"group": 21, "user": 2063}}, {"model": "groups.groupmember", "pk": 49, "fields": {"group": 22, "user": 2063}}, {"model": "groups.groupmember", "pk": 50, "fields": {"group": 23, "user": 2060}}, {"model": "groups.groupmember", "pk": 51, "fields": {"group": 23, "user": 2063}}, {"model": "groups.groupmember", "pk": 52, "fields": {"group": 21, "user": 2064}}, {"model": "groups.groupmember", "pk": 53, "fields": {"group": 23, "user": 2064}}, {"model": "groups.groupmember", "pk": 54, "fields": {"group": 24, "user": 2060}}, {"model": "groups.groupmember", "pk": 55, "fields": {"group": 21, "user": 2065}}, {"model": "groups.groupmember", "pk": 56, "fields": {"group": 24, "user": 2065}}, {"model": "groups.groupmember", "pk": 57, "fields": {"group": 21, "user": 2066}}, {"model": "groups.groupmember", "pk": 58, "fields": {"group": 24, "user": 2066}}, {"model": "groups.groupmember", "pk": 59, "fields": {"group": 21, "user": 2067}}, {"model": "groups.groupmember", "pk": 60, "fields": {"group": 24, "user": 2067}}, {"model": "groups.groupmember", "pk": 61, "fields": {"group": 25, "user": 2060}}, {"model": "groups.groupmember", "pk": 62, "fields": {"group": 21, "user": 2070}}, {"model": "groups.groupmember", "pk": 63, "fields": {"group": 25, "user": 2070}}, {"model": "groups.groupmember", "pk": 64, "fields": {"group": 21, "user": 2068}}, {"model": "groups.groupmember", "pk": 65, "fields": {"group": 25, "user": 2068}}, {"model": "groups.groupmember", "pk": 66, "fields": {"group": 21, "user": 2069}}, {"model": "groups.groupmember", "pk": 67, "fields": {"group": 25, "user": 2069}}, {"model": "groups.groupmember", "pk": 68, "fields": {"group": 25, "user": 2067}}, {"model": "groups.groupmember", "pk": 69, "fields": {"group": 26, "user": 2060}}, {"model": "accounts.user", "pk": 2061, "fields": {"groups": [], "user_permissions": []}}, {"model": "accounts.user", "pk": 2062, "fields": {"groups": [], "user_permissions": []}}, {"model": "accounts.user", "pk": 2063, "fields": {"groups": [], "user_permissions": []}}, {"model": "accounts.user", "pk": 2064, "fields": {"groups": [], "user_permissions": []}}, {"model": "accounts.user", "pk": 2065, "fields": {"groups": [], "user_permissions": []}}, {"model": "accounts.user", "pk": 2066, "fields": {"groups": [], "user_permissions": []}}, {"model": "accounts.user", "pk": 2067, "fields": {"groups": [], "user_permissions": []}}, {"model": "accounts.user", "pk": 2068, "fields": {"groups": [], "user_permissions": []}}, {"model": "accounts.user", "pk": 2069, "fields": {"groups": [], "user_permissions": []}}, {"model": "accounts.user", "pk": 2070, "fields": {"groups": [], "user_permissions": []}}, {"model": "project.projectbacklog", "pk": 3, "fields": {"project": 4, "ETA": "2018-01-01", "project_owner": 2060, "scrum_master": 2061, "start_date": "2017-11-28"}}, {"model": "task.taskproperty", "pk": 2, "fields": {"task": 12, "sprint": 14, "assign_to": 2060, "start_date": "2017-11-28", "end_date": null, "task_stage": 6}}, {"model": "task.taskproperty", "pk": 3, "fields": {"task": 4, "sprint": 12, "assign_to": 2060, "start_date": "2017-11-28", "end_date": "2017-11-28", "task_stage": 9}}, {"model": "task.taskproperty", "pk": 4, "fields": {"task": 11, "sprint": 12, "assign_to": 2060, "start_date": "2017-11-28", "end_date": "2017-11-28", "task_stage": 7}}, {"model": "task.taskproperty", "pk": 5, "fields": {"task": 7, "sprint": 12, "assign_to": 2060, "start_date": "2017-11-28", "end_date": null, "task_stage": 9}}, {"model": "task.taskproperty", "pk": 6, "fields": {"task": 5, "sprint": 12, "assign_to": 2060, "start_date": "2017-11-28", "end_date": null, "task_stage": 6}}, {"model": "task.taskproperty", "pk": 7, "fields": {"task": 10, "sprint": 12, "assign_to": 2060, "start_date": "2017-11-29", "end_date": null, "task_stage": 7}}, {"model": "todo.todo", "pk": 1, "fields": {"user": 2060, "name": "display the project before Dr. Oren Mishali", "priority": 10, "description": "display the SC project to", "task_type": 5, "estimated_time": 2, "ETA": "2017-12-07", "presentage_complete": 0, "update": "2017-11-28T17:23:44.570Z", "timestamp": "2017-11-28T17:23:44.570Z", "task_completed": false}}, {"model": "admin.logentry", "pk": 10, "fields": {"action_time": "2017-11-27T16:37:37.834Z", "user": 2060, "content_type": 56, "object_id": "28", "object_repr": "Alexander_Smith", "action_flag": 3, "change_message": ""}}, {"model": "admin.logentry", "pk": 11, "fields": {"action_time": "2017-11-27T16:37:37.851Z", "user": 2060, "content_type": 56, "object_id": "27", "object_repr": "Kathy_Mcintyre", "action_flag": 3, "change_message": ""}}, {"model": "admin.logentry", "pk": 12, "fields": {"action_time": "2017-11-27T16:37:37.866Z", "user": 2060, "content_type": 56, "object_id": "26", "object_repr": "Jose_Murillo", "action_flag": 3, "change_message": ""}}, {"model": "admin.logentry", "pk": 13, "fields": {"action_time": "2017-11-27T16:37:37.880Z", "user": 2060, "content_type": 56, "object_id": "25", "object_repr": "user", "action_flag": 3, "change_message": ""}}, {"model": "admin.logentry", "pk": 14, "fields": {"action_time": "2017-11-27T16:37:37.897Z", "user": 2060, "content_type": 56, "object_id": "24", "object_repr": "Christina_Green", "action_flag": 3, "change_message": ""}}, {"model": "admin.logentry", "pk": 15, "fields": {"action_time": "2017-11-27T16:37:37.912Z", "user": 2060, "content_type": 56, "object_id": "23", "object_repr": "Kathy_Mcintyre", "action_flag": 3, "change_message": ""}}, {"model": "admin.logentry", "pk": 16, "fields": {"action_time": "2017-11-27T16:37:37.926Z", "user": 2060, "content_type": 56, "object_id": "22", "object_repr": "user", "action_flag": 3, "change_message": ""}}, {"model": "admin.logentry", "pk": 17, "fields": {"action_time": "2017-11-27T16:37:37.941Z", "user": 2060, "content_type": 56, "object_id": "21", "object_repr": "user", "action_flag": 3, "change_message": ""}}, {"model": "admin.logentry", "pk": 18, "fields": {"action_time": "2017-11-27T19:35:51.799Z", "user": 2060, "content_type": 56, "object_id": "32", "object_repr": "Louis_Hunter", "action_flag": 3, "change_message": ""}}, {"model": "admin.logentry", "pk": 19, "fields": {"action_time": "2017-11-27T19:35:51.831Z", "user": 2060, "content_type": 56, "object_id": "31", "object_repr": "Kathy_Mcintyre", "action_flag": 3, "change_message": ""}}, {"model": "admin.logentry", "pk": 20, "fields": {"action_time": "2017-11-27T19:35:51.858Z", "user": 2060, "content_type": 56, "object_id": "30", "object_repr": "Jose_Murillo", "action_flag": 3, "change_message": ""}}, {"model": "admin.logentry", "pk": 21, "fields": {"action_time": "2017-11-27T19:35:51.886Z", "user": 2060, "content_type": 56, "object_id": "29", "object_repr": "user", "action_flag": 3, "change_message": ""}}]